Article,Prix (‚Ç¨),Frais de livraison (‚Ç¨),Lien du produit
„ÄêClearance sale„ÄëApple iPhone11/iPhoneXS/iPhoneXR/iPhone8Plus/iPhone8/iPhone6Plus,"30,41  √† 119,56","6,45",https://www.ebay.fr/itm/404955759651?hash=item5e493e8423:g:FpgAAOSwAO1mNGgR&amdata=enc%3AAQAJAAAA0MHnzSLH6cqTzFsZuyRqxRARYHlYYywIv0UljrQcsSwk8uyc0ubn6wa0eJ7nFpCYQEmTD5vjwVe2aD0IfFYJR5DgU1ME8%2BoWK1FYYuorFrhR0DC0zwcodyxxR5ZnHAwp6gTclXQResokGvYR8BP65X35M%2Fb9Uy14kNYe1treTHJu07I25CGE451e3WZtvI6Mm9HL45qtYGpn5%2BaQItzbwFV8tGdACMmLpdQsmomClKpD0BuxjvfdIVm3GY9Hrz7RELLYYeXtBq75SYAhTaxiyPg%3D%7Ctkp%3ABFBMvIvAuoJk&var=674999932107
"Smartphone i15 Pro Max 7,3 pouces double SIM global flambant neuf d√©bloqu√© t√©l√©phone Android","106,52  √† 153,87","5,91",https://www.ebay.fr/itm/285833999867?hash=item428d08b5fb:g:5u8AAOSwV-hlQ2v8&amdata=enc%3AAQAJAAAA0BCrEEm%2FcfRBPArJL1p9m8Xlqv7AMcxek9e49LSsApma%2B5ID2VkPx%2Br0j13fINComYyQfe78WgYUj93bO5cK7%2FTCWFTYgiDH4OcJ01F1mKKuIlRMR0c4sxKbtqbQ7ZHOpwDlP4bdkrkx9xuVm15oXb%2FNnhin1uj2xqjoACXTZqkPfwd9%2FWjNmp9vvQ2aX0UcLjEdUoujL0MlzNYP%2Bm7gmpd082QZKPwVvPXWY0mh3VPO1%2F%2B0VWMdMR8C%2FIrd4zJ2jYGw9t4tN0VvL91jdvmVTwg%3D%7Ctkp%3ABFBMvIvAuoJk&var=587858891532
Mini Smartphone - The Ultimate Second Phone Solution!,"64,52",Livraison gratuite,https://www.ebay.fr/itm/266779109138?hash=item3e1d462712:g:rvgAAOSwJ5pmJT58&amdata=enc%3AAQAJAAAA0EfgLmbhLxQUgCO7JhckGrHcp8fLjE%2FGFTU57MLnjamAthfLZ6WYXuB5y0rC%2FLjjvQq5xI7abq4vrk%2BJV%2B2UPvOSnC1IBbeUAWzHns%2FXv3lYr128ETTIK8oXqZMJrMUexZwUiL6SvNU0s4PyraIo0Fa%2FY02gXM59WEoi5Q608ZkXLAdfPYfQp3y62ez5w9Kcp9LxEFrUldunpo60N6qJ4CG%2BH%2Buzed6Ihlyg6mtyKWuS9%2Fjy--EpJ6IsEvo%2BwUHDFfsNbCwY3hLwPSJaoJrgUAc%3D%7Ctkp%3ABFBMvIvAuoJk
NEW UNLOCKED SAMSUNG GALAXY S21 ULTRA 5G SM-G998U ALL COLORS AND MEMORY GSM+CDMA,"306,97  √† 424,05",Livraison gratuite,https://www.ebay.fr/itm/186481226140?hash=item2b6b25b19c:g:FB8AAOSwkCRmYpy4&amdata=enc%3AAQAJAAAA0NI5f%2BUCnSZeX%2B3kLQURlTQ%2Fa0vwqvSOjfOIa13bIfrUsEW1bMqh4TDD3y9npZbDnInUD7BHxmpNM0aH%2FHCenGOtZIELJ%2B53P2c19NUrngn%2B7sffbjeIuHQkNElETmP2rze4RB4%2FP%2BKuipXUTOEPe4wF%2FxuO3c7Rbv6eicF%2FPxarOPCK0ui9GckuM0maukhLaevW27BU4OYa0IZ8jjVOFryfO4Iyat0NdInLBorsR38BOoSfArJ5foiwYgJdHRDo10bOPR63XPH2MbB602L9Eec%3D%7Ctkp%3ABFBMvIvAuoJk&var=694532045337
NEW UNLOCKED SAMSUNG GALAXY NOTE 20 5G SM-N981U 128GB ALL COLORS/MEMORY GSM+CDMA,"238,76",Livraison gratuite,https://www.ebay.fr/p/20040088750?iid=186427096860&var=694471308862&rt=nc
NEW SEALED Samsung Galaxy S20 Ultra 5G SM-G988U 128GB Fully Unlocked ALL CARRIER,"262,73",Livraison gratuite,https://www.ebay.fr/p/21036891491?iid=186427142669&var=694471108904&rt=nc
Samsung Galaxy Z Flip3 5G SM-F711B - 128 Go - Noir (D√©verrouill√©),"40,00","30,00",https://www.ebay.fr/p/18048609634?iid=326154660766
SAMSUNG Galaxy S22 Ultra 5G 256 Go White 12G RAM ‚ö†Ô∏èONLY eSIM‚ö†Ô∏è,"350,00","10,00",https://www.ebay.fr/p/28054623905?iid=285901928884
Apple iPhone 15 Pro Max 512GB Titanium Boost Mobile- NEW & SEALED 0 RATES NO BID,"783,59","63,24",https://www.ebay.fr/itm/116214812484?hash=item1b0ef14f44:g:elgAAOSweMhmW03U
Fully Working Apple iphone 2g 1st generation unlocked 4GB 8GB 16GB Rare IOS 1.0,"90,34  √† 358,61",Livraison gratuite,https://www.ebay.fr/p/240174780?iid=155717085108&var=456081705196&rt=nc
"Nouvelle annonceApple iPhone 15 Plus - 128GB 12/2023 ,  AIRPODS 2 POWERBANK  MAGNETIC WIRELESS","900,00","80,00",https://www.ebay.fr/p/23062776816?iid=285908137980&rt=nc
Nouvelle annonceVendo Samsung Z Fold 3,"379,00","50,00",https://www.ebay.fr/itm/405035117626?hash=item5e4df96c3a:g:5h8AAOSwIp1mNjrs
NEW in Box Samsung Galaxy S20+ PLUS G986U 128/256GB Unlocked GSM+CDMA All Colors,"211,11  √† 229,55",Livraison gratuite,https://www.ebay.fr/itm/186411964352?hash=item2b6704d7c0:g:LkwAAOSwAN9mKOoI&amdata=enc%3AAQAJAAAA0LPX51NrlFIW77Y7fNP30rirqamZ30mmod%2FS%2B1KXmgTENPYUwjN%2BZqC9oC4yZknttNKhaYgaNGf6HUSVx0eUTUgRHoClyCMJDhRD%2BIKxNT1PmLC1xdBirj6xZ5qr11i2cfw47tcwL0s2ziHICMMvX--elhD%2FtYkvfo9vyldUu6%2BM3bY5vmL8BuURag%2FWwR7BxG%2BFu1RIZkYWqM9odI%2FNRNxTtFy0dLUD3sOSl1ee8E6nZ%2B1oPSvcbiMC5sd6HgMyUZCt1jrM%2BtZARF6cJod4qwI%3D%7Ctkp%3ABFBMvovAuoJk&var=694464940271
Working well Apple iPhone 5 5c 5s 8/16/32/64GB All colours Fully UNLOCKED Good!!,"26,73  √† 88,49",Livraison gratuite,https://www.ebay.fr/itm/126435608547?hash=item1d702647e3:g:ugYAAOSwywhmIh~~&amdata=enc%3AAQAJAAAA0NogfaGnfnMbRrpKEeNbW7bCMGMk2%2Bcj8XjCXiYsnbY9PJaDa2Q3jZt3N7k0Sgb3QH1NWok8rmtTEw6D7L%2FiQfNuFvFag0%2F%2BamGKYDWkEJfXKwYPR3X%2BKJQo5FB4OaMTlAoWrFtdQ5wALWpOLSGn29KMz3xZ5MbqBQenhh0FgpmOwg%2BcxmjQccBsdBo%2FdYRScrkXONvYvy9I00y0htnXNOPYwCtM1BdeL%2FxO4aYQ8jgLKRaqlcWSSmTBNH2aQTNkMPzdKQzWyXXUJoqo71m%2BgW0%3D%7Ctkp%3ABFBMvovAuoJk&var=427475827574
NEW SAMSUNG GALAXY S21 5G SM-G991U1 UNLOCKED 128GB 256GB ALL COLORS,"235,99  √† 275,64",Livraison gratuite,https://www.ebay.fr/itm/186427184157?hash=item2b67ed141d:g:8nMAAOSwDYFmNPUC&amdata=enc%3AAQAJAAAA0NBEvMPtkfqqFApRzjo5J4JNTKnQF63nc1x8X8hi0rtBlQvN3dKHqS9xcSE7T0f0jW6WnFtAmMHhxTDcmje8erFPLminPfFTkZej%2FTnJSbq3iAEiDg9%2FVAkh9e6HHoPYFRj%2BKbXUpssCTCRiAvid6V41bOzRv%2B6mrvf283MaQmmXRbNi4hi1NXbQ5Ndqio6wAhkTYFyBgpq7tijJJEwmWSpNQILkQAF1QubZogaOX1ayNjku3ajBPtvEd1pkaixdU6PCc6LfkgycyKyz9HhM45w%3D%7Ctkp%3ABFBMvovAuoJk&var=694471377528
Apple iPhone 12 Mini 64/128/256 Go d√©bloqu√© toutes couleurs bon √©tat,"201,22  √† 230,82","30,77",https://www.ebay.fr/itm/204301522004?hash=item2f9151d454:g:K8QAAOSwvxdkNUyX&amdata=enc%3AAQAJAAAA0IKey22gr%2FFhFxB6iijLGxvrntcxkSzl%2B7DmSh62PDxiywgIVibqyY8QvwGcAJEOaGw%2Bs3TOSdXs3L1byMFalnxZTWBTRsZ1OTERX2rjHmEnrcdnli%2BkAMCVlxK9xRBtXnltofTwWSZaw%2Boi%2Bx40Bv42aZ3%2FQCpJ1W4duqPQPQNFm%2BSaRBs7T0Tit988UTNrR84NN1YWRV2hpxQFsRp7yBmLmvFBffN2r9PVxzNxmDOwsYy%2BRsn%2BhLggBh90GFybBHb8Qz0Q8dB%2FVhtGZMKH3Hg%3D%7Ctkp%3ABFBMvovAuoJk&var=505352311720
vivo x50 Pro 5g 256 Go,"179,00","14,49",https://www.ebay.fr/itm/204824744011?hash=item2fb081904b:g:KocAAOSwD0dmRGiA
NEW FACTORY UNLOCKED SAMSUNG GALAXY S20+ PLUS 5G SM-G986U1 128GB BLACK GSM+CDMA,"210,19",Livraison gratuite,https://www.ebay.fr/p/27057053362?iid=315388330420&rt=nc
Google Pixel 5 128GB Unlocked - Good,"115,23",Livraison gratuite,https://www.ebay.fr/p/24041411460?iid=326158069684&rt=nc
"GOPHONE 15 PRO MAX 6GB RAM 128GB MEMORIA DUAL SIM DISPLAY LCD 6,7"" ANDROID IOS","229,00","25,00",https://www.ebay.fr/itm/176313984401?hash=item290d21e591:g:TEsAAOSwYxdmCmze&var=475807690366
Huawei P30 pro VOG-L04/L29 128GB 256GB 4G Android Global Smartphone New Sealed,"235,08  √† 281,17","9,22",https://www.ebay.fr/p/23031079927?iid=266839614423&var=566580864362&rt=nc
Google Pixel 7 128GB Black GVU6C (Spectrum) Android Smartphone - Good Condition,"149,33","30,70",https://www.ebay.fr/p/26065008434?iid=404640448827&rt=nc
"Infinix Note 40 Pro+ 5G(Green 256GB 12GB RAM)6.78"" Dimensity 7020 Global Version","349,39","26,73",https://www.ebay.fr/itm/186409754680?hash=item2b66e32038:g:7HAAAOSwN8hmJ4gI
Samsung Galaxy S21 5G Unlocked G991U 128GB Android Smartphone Very Good,"173,31","31,41",https://www.ebay.fr/p/22043687799?iid=334454341141&var=544249701164&rt=nc
Apple iPhone 12 - 64 Go - Bleu (probl√®me iCloud),"59,19","29,59",https://www.ebay.fr/p/16041709998?iid=226185752997&rt=nc
ASUS ROG Phone 8 Pro 5G 24GB+1TB BLACK Dual SIM Unlocked Android Cell Phone,"1¬†558,88",Livraison gratuite,https://www.ebay.fr/p/7038020665?iid=226025343931&rt=nc
Apple iPhone 5 - 32GB - BLACK (Unlocked) IOS10 Sealed,"38,72","9,22",https://www.ebay.fr/p/117353347?iid=266152371641&rt=nc
Smartphone Samsung Galaxy S10e SM-G970U 128 Go + 6 Go d√©bloqu√© en usine - neuf scell√©,"165,72",Livraison gratuite,https://www.ebay.fr/p/6034431857?iid=225526552005&var=524586143021&rt=nc
Samsung Galaxy A50 SM-A505U 64GB+4GB RAM 25MP LTE Unlocked Smartphone-New Sealed,"118,92",Livraison gratuite,https://www.ebay.fr/itm/334435300533?hash=item4ddde5b4b5:g:z1wAAOSw46Rk1NA4&amdata=enc%3AAQAJAAAA0DpPaX79VvH7N%2B1bt%2BqyQiKPPbZgv7ZgnG7Qdc5uNJscB8AbdeDHO2BG1AeD4%2FzzuVlvIu93KbkNvpsnVwFhYZd9QCmQ7j%2BLLsWAirXQ1jDV1e%2FqqHDlWkRrmoZnTs6o8pKkOg9VF3ruv1aK2P%2Bq08UlMLNxnEOr%2BoTO2W%2BjQI9FHqXQslLQbZ3pWnQbPz9vv9X3C9KjoxNo%2BEJjUe17aP7CQROBFKl7CJn7viUYmRVO%2BpTw8oetkyQhKGdVzO%2Bv1SWB%2BucJnIz0t6Ikss4fa5w%3D%7Ctkp%3ABFBMwIvAuoJk
90% N ew tested 100% working Apple iphone 5S 16GB  Unlocked without Box,"31,34",Livraison gratuite,https://www.ebay.fr/itm/134834602086?hash=item1f64c4c066:g:27UAAOSw9RVlaUcZ&amdata=enc%3AAQAJAAAA0MnR4Iz9L4YdTvha9jGEcXDFEiW6hGsdKip%2Fhvzm0MXAPw6%2BNk0P%2BGN3Djaog4A6MqrDx0PCb6kAe%2ByPEQoaqbw2%2FDvFQwOOIWXxhyzQo6VSursFZS2wrzesWzbcHMu6EiQAbeoBs9S81sKz37d0t%2FASfwosTUr%2FZb6qFqOTGDY7t%2FjtOKKvxbmLpE%2FJQHD5B0MIqNBQ9ovel5gfzlFS4eE7C8QKYKDq%2FcWuvo0I5kGgEVqjR3adNw%2BnGmmgIF5r%2FX%2FspAvFNH%2Fcfc3v4xYq3Qo%3D%7Ctkp%3ABFBMwIvAuoJk&var=434335574900
Motorola Moto G Stylus 5G 2023 XT2315 128GB Fully Unlocked Black - w/retail box,"133,67",Livraison gratuite,https://www.ebay.fr/itm/305569273337?hash=item47255915f9:g:Ey8AAOSwJ~lmRaiH&amdata=enc%3AAQAJAAAA0IlZAw9DSji9qxPF9JwxSh95kPjF1AZ0%2BI%2Bn74UKe5iT8fqVJv6VRjQdU5Kl3%2FkKIB5h6fjwLvIRPM%2BqccwjXEswSJO9TM52C%2BT8PVQpEtHIHl%2BIjDMRQ1%2BApikoBq7kQVs2WoG4vJTyeAD%2FljGg7fvWsjjRozLNGUM1X6Om105Krzg05DLE8yi0npVlMzOkGTVdA9OPcHgkypCu3hOOL5PEPMcUFoTFUXfCt6eQDPLXN5tGQT%2BgpSy2LF7wx0Uh7oCABP1IKFC%2Bj7FJr3dOv9E%3D%7Ctkp%3ABFBMwovAuoJk
Apple iPhone 13 Pro Max 128/256/512/1 To d√©bloqu√© toutes couleurs bon √©tat,"526,75  √† 585,93","30,77",https://www.ebay.fr/itm/265552399424?hash=item3dd4280c40:g:-EYAAOSw-pJiDNBa&amdata=enc%3AAQAJAAAA0Pm4xKBpRqyBkg2cG8n8mSCRTRCtEBOvutAORtYNIunnwIHfoToAK4G8mAl43YtTOzRQqxlNC7XaUFJiX99%2BeBgbmpdFHgTJQHvSV4itrU4k%2BB6d%2FmhvkkYJ7M%2BvD9kk8kGWPSL8a5tEH21wN8vOIVpdN0GLU1l6IRTVzp2kBPdR4xmIOira6hCtTvE4SMAuIADF5ZRw2I3li3pngRAxgXbqehPy%2FMh--PdDI1mXI0piFD2Mg9UCgqMFFQxEUX4FQZRw98VwntcNu4i%2Fa4VuMw8%3D%7Ctkp%3ABFBMwovAuoJk&var=566536641838
Nouvelle annonceSky Devices Elite V55 16GB Life Wireless Clean IMEI Lot of 6,"87,57","28,87",https://www.ebay.fr/itm/335439060573?hash=item4e19b9de5d:g:ZCcAAOSwlzxmawkg
Motorola RAZR V3 Unlocked Flip GSM 850 /900 /1800 /1900 Bluetooth  Mobile Phone,"30,23",Livraison gratuite,https://www.ebay.fr/itm/296463585717?hash=item45069b51b5:g:X-IAAOSwiZFkL~1g&var=594411924235
"Unlocked Sony Xperia Pro-I 5G XQ-BE52,BE62,BE72 Black 512GB Dual SIM Unopened","599,03",Livraison gratuite,https://www.ebay.fr/p/25051777053?iid=364890498350&var=634469724387&rt=nc
Nokia 3310 Navy blue Unlocked 2G GSM 900/1800 Mobile Phone (with Snake II Game),"21,20",Livraison gratuite,https://www.ebay.fr/itm/155813861527?hash=item24473ad897:g:jnMAAOSweH5jsCbe
Nouvelle annonceApple iPhone 8 Plus MRTE2LL/A- 64 GB Red T-Mobile Brand New Sealed-Genuine Phone,"460,01","67,98",https://www.ebay.fr/p/245293393?iid=315437590468&rt=nc
Nouvelle annonceApple iPhone 7 Plus - 128 Go - Produit ROUGE - D√©bloqu√©,"142,05","29,59",https://www.ebay.fr/p/235202279?iid=186494129276&rt=nc
Nokia 3310 double SIM boutons t√©l√©phone portable t√©l√©phone portable avec appareil photo ROUGE ORANGE NEUF dans son emballage d'origine,"39,99","6,00",https://www.ebay.fr/itm/176317656998?hash=item290d59efa6:g:zZEAAOSw2uBmDVWj&amdata=enc%3AAQAJAAAA0PiYQAgmnXBdBfodMABYnafvFeOiPqN903VZFcVhLqM%2BUPJyynfuRGTgYSYFvMmN7refD56nc6I74xEAl9xOyQ7pH2E4GZWVK65Oma7am8mYYXcfRvfMOYwyNh6QSE8DE96HuKgiolyxHRiPrcuB3x3bKicih4dKHo%2F4F5ZAgwbX9hs9mzFYvBteiiHmAOogt1f4oQvd8j%2BkgXnpOYJyBmKmVy0SoH6r13DH3oJIzM1jvrdWb1I7Nu4Hcwe9aqT2n7MMIgg%2FlLxeOLVU6c6IdG0%3D%7Ctkp%3ABFBMwovAuoJk
85% N ew Apple iPhone 4 4S 8GB 16GB 32GB Unlocked Black White Fully working,"26,73  √† 36,87",Livraison gratuite,https://www.ebay.fr/itm/155611329818?hash=item243b28751a:g:B78AAOSwo3Vki9Py&amdata=enc%3AAQAJAAAA0JFzTxamSiqc%2FHaONzTWaXugYUjqpaNVPK2lhlp%2BxxwOLpjVi8BUyx3p4mSQW7Bip3Rp3%2BUKLYp%2B1lQWEmH4Pp198hiy9uHXisQoI547lIFGdilxC1ToFkx%2FaI%2FJ8AQp%2BF%2BwXt4jFKXkXEmo7tZXQTQtLBvvC%2BYKvydfrOhbwuXVdPY05F2sOBlGONMQNSIS%2F%2BDHqA99T7TZiNBNDQAA1r%2F9KeDbpQF1o3cwxc4e91CI6hTH3RPHO3kg1Gy5RXFJ617%2BkNY3wTvkwe9VEt0mRqQ%3D%7Ctkp%3ABFBMxIvAuoJk&var=455893911675
Xiaomi mix fold 3 512go Noir,"950,00","40,00",https://www.ebay.fr/itm/235603020153?hash=item36db08c979:g:PQoAAOSwz8tmScP7
(Unlocked) Huawei Mate 20 Pro LYA-AL00 128GB Android  Global Version Smartphone,"141,97",Livraison gratuite,https://www.ebay.fr/p/9024871737?iid=156234921555&var=457205555385&rt=nc
"Smartphone S24 Ultra 7,3 √©cran HD original 22 Go + 2 To 4 G 5G NEUF","201,22  √† 236,73",Livraison gratuite,https://www.ebay.fr/itm/395453573418?hash=item5c12dea92a:g:B4QAAOSwsHFmYkU9&var=664161166988
"Nouvelle annonceApple iPhone 11 - 64 GB - Black (Metro By T-mobile) New, Sealed","225,85","32,96",https://www.ebay.fr/p/18052689376?iid=256542901215&rt=nc
NEW Motorola Moto Razr  2022 5G XT2251-1  Black 8GB/256GB,"321,73","35,79",https://www.ebay.fr/itm/256448371810?hash=item3bb5839c62:g:gwgAAOSwSGBl9fFu
CAT S62 | 128GB 4GB RAM | Rugged Smartphone | Gorilla Glass 6 | T-Mobile Locked,"165,93","31,19",https://www.ebay.fr/p/6060871128?iid=185508740682&rt=nc
Nouvelle annonceSamsung Galaxy A21 2020 SM-A215U Spectrum 32GB Black C,"55,30","310,90",https://www.ebay.fr/p/4058255232?iid=364947252472&rt=nc
Nouvelle annonceSky Devices Elite P55 Max 16GB Purple Unlocked Clean IMEI Lot of 8,"129,05","30,10",https://www.ebay.fr/itm/226192257898?hash=item34aa1bf36a:g:WrAAAOSwmpVmayyb
ALT MIVE Style Folder AT-M120 32GB Unlocked LTE/3G 2color / Express,"168,16","9,22",https://www.ebay.fr/itm/355735303296?hash=item52d379f480:g:OfQAAOSw3mlmTpkC&var=624823171345
"Original Samsung Diva folder S5150 2.2"" La Fleur Bluetooth GSM 900 / 1800 / 1900","61,30",Livraison gratuite,https://www.ebay.fr/itm/363265348098?hash=item54944d5202:g:RCoAAOSw8lpZGQqt
T√©l√©phone portable de collection Lip Stick Mirrow | Nokia 7280 piano noir | Rare,"299,00","10,49",https://www.ebay.fr/itm/364940485234?hash=item54f825e272:g:hYkAAOSwxTpmRsfk
Samsung Galaxy Folder G1600 Dual SIM LTE Flip Unlocked SmartPhone,"53,94","16,59",https://www.ebay.fr/itm/166394552376?hash=item26bde36038:g:U4YAAOSwlHdlN7fV&var=466040363469
"LG Wine Smart D486 4G LTE 4GB ROM 3.5"" Android Flip Keyboard Unlocked Smartphone","62,23","9,22",https://www.ebay.fr/itm/145071483707?hash=item21c6ef2b3b:g:1ZwAAOSwie1kWFU0&var=444270469486
üì± Original Unlocked Apple iPhone 5S 16GB IOS12 4G Grade A no fingerprint üì±,"23,05","6,45",https://www.ebay.fr/itm/266717711591?hash=item3e199d4ce7:g:UIcAAOSw2HZl8Xci
Huawei P40 Lite 4G 5G Dual SIM 128GB Unlocked Android Global Phone -New Sealed,"113,39  √† 177,00","9,22",https://www.ebay.fr/p/13044518954?iid=405008105880&var=675067467192&rt=nc
HUAWEI Honor 50 256GB +8GB 108MP Android Unlocked Global Smartphone New Sealed,"235,08","5,53",https://www.ebay.fr/itm/145711392495?hash=item21ed1366ef:g:fmQAAOSwPp1mE3Dn&var=444826678341
Mini T√©l√©phone Portable Ind√©tectable L8star BM70 Appel - SMS - Bluetooth Discret,"22,99","1,99",https://www.ebay.fr/itm/185873012479?hash=item2b46e516ff:g:dUsAAOSwKA9jTB-9
Smartphone Sony Xperia X F5121 32GB Graphite Noir Android NEUF+ Kodak SD 64GB,"59,98","9,34",https://www.ebay.fr/itm/315244286011?hash=item496606103b:g:3R4AAOSw65Jl~vME
Apple iPhone 13 Pro 128 Go 256 Go 512 Go 1 To d√©bloqu√© toutes couleurs bon √©tat,"467,56  √† 514,91","30,77",https://www.ebay.fr/itm/203834120226?hash=item2f7575d822:g:oD0AAOSwIFFiDNBY&amdata=enc%3AAQAJAAAA0KEJXvJojZkcqFt46x99eMBBzRlvwzM00gVgX%2Fy7pSqWGQfHcCNfZLDeygekdbrQS%2BHqv1zM4LZrKOC1rKde%2BAMdr6ld%2BoRk40vGy%2B%2BVVaoOVF205o139RJEcgMvhsLOInp%2FxjmmYQyozgHSHf9lJdY1emfoAuJwvejmfa4XzUxNiKgsPu2LV0%2FS012UzpsYLoXZ%2BTxsah%2B2rm7Ri3ESbkOgkpSY%2Fl%2FG58XqD8nEqQTa7smWflbj5D9qcsVoJg6gqW8DJshlDcs5fFztTSh%2FNWU%3D%7Ctkp%3ABFBMxovAuoJk&var=504935521546
Full working Orignal Apple iphone 1st 2nd 3rd Gen 2G 3G 3GS 4/8/16/32 Unlocked,"27,66  √† 77,44","7,37",https://www.ebay.fr/itm/266814288818?hash=item3e1f5ef3b2:g:o9oAAOSwncRmRXf4&amdata=enc%3AAQAJAAAA0OHIeRxo4nu5aDsqgx%2B%2Bs5ff7jyZCkDUMDswOoW1fBaEdPtKIcJOpKYi%2FDEZg%2BiSUNXH8DOYHMVsJ01MXJHcH%2Fm6mOE56JlG%2Fl4kHvHV96nyxY68Guyz19DJHSwt74RQtAOZzBSLQN57PsxKfXhzl0vk4sBjWc6pMAvZ%2BMgcL5RGXKLJBQQY5AsHqWHTppKg1SDFZHZojQHwJsHEEu6gZNnKC7xK%2BJSziU6F5%2B6ZK9iETJQLLpyV5nhxwxoMyHrrgBI6UlV5l1fakWVdMBD%2BN3E%3D%7Ctkp%3ABFBMxovAuoJk&var=566556452800
